[
  {
    "name": "Personal_Website🌐",
    "url": "https://joelmulongo.vercel.app",
    "icon": "https://icons.duckduckgo.com/ip3/joelmulongo.vercel.app.ico",
    "slug": "personal-website",
    "status": "up",
    "uptime": "95.57%",
    "uptimeDay": "100.00%",
    "uptimeWeek": "88.93%",
    "uptimeMonth": "95.57%",
    "uptimeYear": "95.57%",
    "time": 156,
    "timeDay": 238,
    "timeWeek": 196,
    "timeMonth": 156,
    "timeYear": 156,
    "dailyMinutesDown": {
      "2022-12-25": 300,
      "2022-12-24": 816,
      "2022-12-13": 491
    }
  },
  {
    "name": "My Food App🍝",
    "url": "https://joelfoodordering.netlify.app",
    "icon": "https://icons.duckduckgo.com/ip3/joelfoodordering.netlify.app.ico",
    "slug": "my-food-app",
    "status": "up",
    "uptime": "99.90%",
    "uptimeDay": "100.00%",
    "uptimeWeek": "100.00%",
    "uptimeMonth": "99.90%",
    "uptimeYear": "99.90%",
    "time": 356,
    "timeDay": 70,
    "timeWeek": 267,
    "timeMonth": 356,
    "timeYear": 356,
    "dailyMinutesDown": {
      "2022-12-14": 17,
      "2022-12-10": 20
    }
  },
  {
    "name": "Twitter Posts Fetcher🐦",
    "url": "https://twitterpost.vercel.app",
    "icon": "https://icons.duckduckgo.com/ip3/twitterpost.vercel.app.ico",
    "slug": "twitter-posts-fetcher",
    "status": "up",
    "uptime": "95.57%",
    "uptimeDay": "100.00%",
    "uptimeWeek": "88.93%",
    "uptimeMonth": "95.57%",
    "uptimeYear": "95.57%",
    "time": 142,
    "timeDay": 114,
    "timeWeek": 157,
    "timeMonth": 142,
    "timeYear": 142,
    "dailyMinutesDown": {
      "2022-12-25": 300,
      "2022-12-24": 816,
      "2022-12-13": 491
    }
  },
  {
    "name": "Simple Card🔳",
    "url": "https://joelcard.netlify.app",
    "icon": "https://icons.duckduckgo.com/ip3/joelcard.netlify.app.ico",
    "slug": "simple-card",
    "status": "up",
    "uptime": "99.89%",
    "uptimeDay": "100.00%",
    "uptimeWeek": "100.00%",
    "uptimeMonth": "99.89%",
    "uptimeYear": "99.89%",
    "time": 726,
    "timeDay": 142,
    "timeWeek": 171,
    "timeMonth": 726,
    "timeYear": 726,
    "dailyMinutesDown": {
      "2022-12-13": 19,
      "2022-12-07": 21
    }
  }
]